<?xml version="1.0" encoding="utf-8"?>
<androidx.constraintlayout.widget.ConstraintLayout xmlns:android="http://schemas.android.com/apk/res/android"
    android:layout_width="match_parent"
    android:layout_height="match_parent"
    xmlns:app="http://schemas.android.com/apk/res-auto"
    xmlns:tools="http://schemas.android.com/tools"
    tools:context=".activities.CryptoListAllCoinActivity">


    <com.google.android.material.appbar.AppBarLayout
        android:layout_width="match_parent"
        android:layout_height="wrap_content"
        app:layout_constraintEnd_toEndOf="parent"
        app:layout_constraintStart_toStartOf="parent"
        app:layout_constraintTop_toTopOf="parent">

        <androidx.appcompat.widget.Toolbar
            android:id="@+id/myToolBar"
            android:layout_width="match_parent"
            android:layout_height="wrap_content"
            android:background="?attr/colorPrimary"
            android:minHeight="?attr/actionBarSize"
            android:theme="?attr/actionBarTheme"
            >


            <TextView
                android:layout_width="match_parent"
                android:layout_height="wrap_content"
                android:text="CRIPTOMONEDAS"
                android:textColor="@color/white"
                android:layout_marginEnd="?android:attr/actionBarSize"
                android:textSize="16dp"
                android:layout_gravity="left|center"
                android:fontFamily="@font/roboto_bold"
                />

        </androidx.appcompat.widget.Toolbar>

    </com.google.android.material.appbar.AppBarLayout>





    <androidx.swiperefreshlayout.widget.SwipeRefreshLayout
        android:id="@+id/swipy"
        android:layout_marginBottom="0dp"
        android:layout_width="match_parent"
        android:layout_height="wrap_content"
        app:layout_constraintBottom_toBottomOf="parent"
        app:layout_constraintEnd_toEndOf="parent"
        app:layout_constraintStart_toStartOf="parent"
        app:layout_constraintTop_toTopOf="parent">

    <androidx.core.widget.NestedScrollView
        android:id="@+id/nested2"
        android:layout_width="match_parent"
        android:layout_height="wrap_content">

        <LinearLayout
            android:layout_width="match_parent"
            android:layout_height="wrap_content"
            android:orientation="vertical">

            <RelativeLayout
                android:layout_width="wrap_content"
                android:layout_height="wrap_content"
                android:layout_marginTop="80dp">

<!--                <EditText-->
<!--                    android:id="@+id/search_bar"-->
<!--                    android:layout_width="match_parent"-->
<!--                    android:layout_height="50dp"-->
<!--                    android:drawableStart="@drawable/ic_search_24"-->
<!--                    android:ems="10"-->
<!--                    android:hint="Buscar..."-->
<!--                    android:inputType=""-->
<!--                     />-->

                <SearchView
                    android:id="@+id/search"
                    android:layout_width="match_parent"
                    android:layout_height="wrap_content" />

            </RelativeLayout>


            <com.facebook.shimmer.ShimmerFrameLayout
                android:layout_width="match_parent"
                android:layout_height="match_parent"
                android:id="@+id/shimmerFrameLayout"
                android:orientation="vertical"
                android:layout_gravity="center">

                <LinearLayout
                    android:layout_width="match_parent"
                    android:layout_height="wrap_content"
                    android:orientation="vertical">

                    <include layout="@layout/shimmer_placeholder_layout"/>
                    <include layout="@layout/shimmer_placeholder_layout"/>
                    <include layout="@layout/shimmer_placeholder_layout"/>
                    <include layout="@layout/shimmer_placeholder_layout"/>
                    <include layout="@layout/shimmer_placeholder_layout"/>
                    <include layout="@layout/shimmer_placeholder_layout"/>
                    <include layout="@layout/shimmer_placeholder_layout"/>
                    <include layout="@layout/shimmer_placeholder_layout"/>
                    <include layout="@layout/shimmer_placeholder_layout"/>
                    <include layout="@layout/shimmer_placeholder_layout"/>


                </LinearLayout>


            </com.facebook.shimmer.ShimmerFrameLayout>



            <androidx.recyclerview.widget.RecyclerView
                android:id="@+id/my_recycler_view_coin"
                android:layout_width="match_parent"
                android:layout_height="wrap_content"
                android:layout_marginBottom="80dp"
                android:layout_marginTop="5dp"
                android:scrollbars="vertical">

            </androidx.recyclerview.widget.RecyclerView>



        </LinearLayout>


    </androidx.core.widget.NestedScrollView>

    </androidx.swiperefreshlayout.widget.SwipeRefreshLayout>


    <com.google.android.material.bottomnavigation.BottomNavigationView
        android:layout_width="match_parent"
        android:layout_height="wrap_content"
        android:id="@+id/bottom_navigation"
        app:itemBackground="@color/white"
        app:itemTextColor="@color/black"
        app:menu="@menu/menu"
        app:layout_constraintEnd_toEndOf="parent"
        app:layout_constraintBottom_toBottomOf="parent"
        android:layout_alignParentBottom="true" />


    <ProgressBar
        android:visibility="gone"
        android:id="@+id/progressBar"
        android:layout_width="wrap_content"
        android:layout_height="wrap_content"
        app:layout_constraintBottom_toBottomOf="@+id/swipy"
        app:layout_constraintEnd_toEndOf="parent"
        app:layout_constraintStart_toStartOf="parent"
        app:layout_constraintTop_toBottomOf="@+id/swipy"
        />

</androidx.constraintlayout.widget.ConstraintLayout>